ROP,CAL,GR,SP,RS,RM,RD,PEF,NPHI,RHOB,DCOR,PHIS,DTC
ROPA,ACAL,CGR,HSP,AF10,AF30,A22H,2PEF,CN,2DPS,ALDCLC,ACPD,AC
,C1,ECGR,PCH1,AF20,AHF30,A22H_,HPEDN,CNC,APSC,,ACPL,ACCO
,C13,EHGR,SP,AFRX,AHO30,A22H_UNC,HPEF8,CNCS,APSU,,ACPS,ACL
,C13A,G,SPBR,AHF10,AHT30,A28H,PDPE,CNCSGS,DDPP,,PORA,ACN
,C13-A,GAB,SPC,AHF20,AIT30,A28H_,PE,CNCSS,DEPO,,RPHI,DT
,C13H,GAM,SPCG,AHO10,AO30,A28H_UNC,PE2,CNCSSQH,DNPH,,SPHI,DT24
,C13I,GAM1,SPD,AHO20,ASF30,A34H,PE2QH,CNSS,DPH8,,SPSS,DT24-A
,C13L,GAPI,SPDF,AHSFI,ASO30,A34H_,PEDF,FNPS,DPHI,,TPHI,DT24AQI
,C13M,GGCE,SPDH,AHT10,AST30,A34H_UNC,PEDN,FPSC,DPHI_,,,DT24QI
,C13P,GR,SPH,AHT20,AT30,AF60,PEF,HASC,DPHI_SAN,,,DT24SQA
,C13Z,GR,SPP,AHTRX,HILM,AF90,PEF_SLDT,HHNPO,DPHI_SLDT,,,DT34
,C2,GR_AR,SPSB,AIT10,HLLS,AFRT,PEF_SLDT_HR,HNPHI,DPHI_SLDT_HR,,,DT35
,C24,GR_ARC_FILT,SSPK,AIT20,HRL3,AHF60,PEF8,HNPO,DPHIS,,,DT41
,C24A,GR_STGC,SPS,AO10,ILM,AHF90,PEFA,HNPO_SAN,DPHS,,,DT4P
,C24-A,GR1,AHSC,AO20,ILM2,AHO60,PEFSA,HNPS,DPHZ,,,DT4P_C
,C24H,GR-1A,AHSF,AORX,ILM4,AHO90,PEFZ,HNPSS,DPHZSS,,,DT5
,C24I,GR2,SPA_,ASF10,IM,AHT60,PEQH,HTNP,DPO,,,DTC
,C24L,GR-5A,SP_S,ASF20,IMER,AHT90,SPEF,HTNP_SAN,DPOR,,,DTC1
,C24M,GRA,,ASFI,IMPH,AHTRT,HPEF,NCN,DPRS,,,DTC2
,C24P,GR-A,,ASFL,IMVR,AILD,HPEF,NCNL,DPS8,,,DTCA
,C24Z,GRC,,ASN,LLS,AIT,PEFI,NPHI,DPSS,,,DTCM
,CA,GRCO,,ASO10,M0R3,AIT120,PEFI,NPHI_SAN,DPSZ,,,DTCO
,CA1,GRDA,,ASO20,M1R3,AIT60,PEFL,NPHIS,HDPH,,,DTCR
,CA2,GRDE,,AST10,M2R3,AIT90,PEFL,NPHS,HDPH_SAN,,,DTCX
,CADE,GRDI,,AST20,M4R3,AO12,LPE,NPOR,HDPH8,,,DTL
,CADF,GRG,,AT10,MVR1,AO60,PEFS,NPOR_,HDPHI,,,DTLF
,CAL,GRGC,,AT12,MVR2,AO90,PEF_,NPOR_1,HDPO,,,DTMN
,CAL1,GRGM,,AT20,MVR4,AORT,ALPELC,NPOR_SAN,HDPSS,,,DTMX
,CAL2,GRGS,,ATRX,RILM,ASF60,,NPORSS,HFSC,,,DTP
,CAL3,GRH,,FE1,RIPM,ASF90,,NPRS,NDPH,,,DTSC
,CALA,GRHD,,FEFE,RPCL,ASO60,,NPSS,PDS,,,TTC
,CAL-A,GRI,,FR,VILM,ASO90,,NPSS_C,POD,,,AC1
,CALD,GR-I,,FRA,VP25,AST60,,POS,POR,,,MSTT
,CALE,GRLL,,HRL1,AE60,AST90,,PRON,PORS,,,
,CALH,GRML,,HRL2,ILD25,AT60,,QNP-1A,PORZ,,,
,CALI,GR-ML,,HRLS,ILM1,AT90,,QNP-5A,PORZ2QH,,,
,CALI_SPCS,GRN,,HSFLU,ILM25,ATRT,,RPOR,PORZQH,,,
,CALL,GRNC,,ILS,IM10,DIPH,,SNP,PORZS2,,,
,CALM,GRNP,,LL8,IM20,DVR1,,TNPH,PORZS2QH,,,
,CALN,GRP,,LLA,IM25,DVR2,,TNPH_SAN,PORZSS,,,
,CALP,GRPD,,M0R1,IM40,DVR4,,TNPH_SAN1,PORZSS2,,,
,CALS,GRQH,,M0R2,PIRM,FE2,,HNPH,PORZSSQH,,,
,CALT,GRR,,M1R1,REIM,GRD,,ENPH,PXND,,,
,CALX,GR-R,,M1R2,DSLL,HILD,,NPHI_S,PZCSS,,,
,CALX-A,GRSD,,M2R1,AIT3,HLLD,,TNPS,PZCSSQH,,,
,CALXH,GRSL,,M2R2,AHF3,HRL4,,,PZCSSS,,,
,CALXM,GRZ,,M4R1,AHO3,HRL5,,,PZSS,,,
,CALX-ML,GRZD,,M4R2,AHT3,HRLD,,,PZSS2,,,
,CALXQ8,HCGR,,MFR,AS30,IDER,,,PZSS2QH,,,
,CALXQH,HGR,,MLL,ASF3,IDPH,,,PZSSQH,,,
,CALX-R,HGR_STGC,,MSFL,AST3,IDVR,,,PZSSS,,,
,CALY,HGR-1A,,PSHG,HAT3,IL,,,RPSS,,,
,CALY-A,HGR-5A,,RES,RLLS,ILD,,,SSD,,,
,CALYH,HHGR,,RESS,AFRMC,ILD2,,,DPH,,,
,CALYM,HSGR,,RILS,,ILD4,,,DPS1,,,
,CALY-ML,MGR,,RLL1,,LL,,,DEN,,,
,CALYQ8,P01LGR,,RLL2,,LL3,,,ZDEN,,,
,CALYQH,P02LGR,,RS,,LL7,,,ALCDLC,,,
,CALZ,P03LGR,,RSFE,,LLD,,,,,,
,CANC,RGR,,RSFL,,LN,,,,,,
,CAPD,SGR,,RSG,,M0R6,,,,,,
,CAX,SGRD,,RXO,,M0R9,,,,,,
,CAY,GRS,,RXO_HRLT,,M0RX,,,,,,
,CLCM,HEHG,,RXO1D,,M1R6,,,,,,
,CLDC,GCPS,,RXO8,,M1R9,,,,,,
,CLDM,GRM1,,RXOI,,M1RX,,,,,,
,CLLO,SGRC,,RXOZ,,M2R6,,,,,,
,CLTC,SGRD,,SFBC,,M2R9,,,,,,
,CLXC,SGRC_SP,,SFL,,M2RX,,,,,,
,CLYC,,,SFL4,,M4R6,,,,,,
,CQLI,,,SFLA,,M4R9,,,,,,
,DCAL,,,SFLR,,M4RX,,,,,,
,HCAL,,,SFLU,,P10H,,,,,,
,HCAL2,,,SN,,P10H_,,,,,,
,HCALI,,,AE20,,P10H_UNC,,,,,,
,HCALX,,,AE30,,P16H,,,,,,
,HCALY,,,AHF1,,P16H_,,,,,,
,HD,,,AHF2,,P16H_UNC,,,,,,
,HD_1,,,AHO1,,P22H,,,,,,
,HD1,,,AHO2,,P22H_,,,,,,
,HD2,,,AHT1,,P22H_UNC,,,,,,
,HD3,,,AHT2,,P28H,,,,,,
,HDAR,,,AS10,,P28H_,,,,,,
,HDIA,,,AS20,,P28H_UNC,,,,,,
,HDMI,,,ASF1,,P34H,,,,,,
,HDMN,,,ASF2,,P34H_,,,,,,
,HDMX,,,ASRX,,P34H_UNC,,,,,,
,HLCA,,,AST1,,RFOC,,,,,,
,LCAL,,,AST2,,RILD,,,,,,
,MCAL,,,HAT1,,RIPD,,,,,,
,MLTC,,,HAT2,,RLA1,,,,,,
,SA,,,HSFL,,RLA2,,,,,,
,TAC2,,,MSFF,,RLA3,,,,,,
,C3,,,RXOH,,RLA4,,,,,,
,CLS2,,,AFRSC,,RLA5,,,,,,
,HHCA,,,,,RLL3,,,,,,
,MBTC,,,,,RLL4,,,,,,
,TACC,,,,,RLL5,,,,,,
,,,,,,RT,,,,,,
,,,,,,RT_HRLT,,,,,,
,,,,,,VILD,,,,,,
,,,,,,VP65,,,,,,
,,,,,,VRSD,,,,,,
,,,,,,ID40,,,,,,
,,,,,,AIT6,,,,,,
,,,,,,DDLL,,,,,,
,,,,,,EIRD,,,,,,
,,,,,,ID10,,,,,,
,,,,,,ID20,,,,,,
,,,,,,ID25,,,,,,
,,,,,,ILD1,,,,,,
,,,,,,LLG,,,,,,
,,,,,,REID,,,,,,
,,,,,,RLL,,,,,,
,,,,,,AHF6,,,,,,
,,,,,,AHF9,,,,,,
,,,,,,AHO6,,,,,,
,,,,,,AHO9,,,,,,
,,,,,,AHOR,,,,,,
,,,,,,AHT6,,,,,,
,,,,,,AHT9,,,,,,
,,,,,,AHTR,,,,,,
,,,,,,AIT9,,,,,,
,,,,,,AS60,,,,,,
,,,,,,AS90,,,,,,
,,,,,,ASF6,,,,,,
,,,,,,ASF9,,,,,,
,,,,,,ASFR,,,,,,
,,,,,,ASRT,,,,,,
,,,,,,AST6,,,,,,
,,,,,,AST9,,,,,,
,,,,,,ASTR,,,,,,
,,,,,,HAT6,,,,,,
,,,,,,HAT9,,,,,,
,,,,,,HATR,,,,,,
,,,,,,RLLD,,,,,,
,,,,,,RT_H,,,,,,
,,,,,,AFRDC,,,,,,